HON. ONYEJEOCHA NKIRUKA  CHIDUBEM,Abia,Isuikwuato/Umunneochi,(Federal Constituency),Peoples Democratic Party
HON. UKEJE NNENNA  IJEOMA,Abia,Bende,(Federal Constituency),Peoples Democratic Party
HON. OHAJURUKA STANLEY UGOCHUKWU,Abia,Umuahia North/South,(Federal Constituency),Peoples Progressive Alliance (PPA)
HON. IKE CHINYERE FERDINAND,Abia,Isiala Ngwa North/south,(Federal Constituency),Peoples Democratic Party
HON. UBANI  EZIUCHE CHINWE,Abia,Obingwa/osisioma/Ugwumagbo,(Federal Constituency),Peoples Democratic Party
HON. AZUBUIKE UZO CHARLES,Abia,Aba North / Aba South,(Federal Constituency),Peoples Democratic Party
HON. IBEJI UDO OLUCHI,Abia,Umahia North/South/Ikwuaro,(Federal Constituency),Peoples Democratic Party
HON. ARUNSI ARUA,Abia,Arochukwu/Ohafia,(Federal Constituency),Peoples Democratic Party
HON. ABONTA UZOMA NKEM,Abia,Ukwa East/West,(Federal Constituency),Peoples Democratic Party
HON. GANAMA TITSI KWAGA,Adamawa,Madagali/Michika,(Federal Constituency),Peoples Democratic Party
HON. WAMBAI ABUBAKAR MAHMUD,Adamawa,Mubi North / Mubi South / Maiha,(Federal Constituency),All Progressives Congress
HON. MADWATTE ANTHONY   LAZARUS,Adamawa,Demsa/Numan/Lamurde,(Federal Constituency),Peoples Democratic Party
HON. NATHANIEL GIBSON KAUDA,Adamawa,Guyuk/Shelleng,(Federal Constituency),Peoples Democratic Party
HON. HANANIYA HASKE FRANCIS,Adamawa,Gombi/Hong,(Federal Constituency),Peoples Democratic Party
HON. NWANGUBI AHMED FONS,Adamawa,Mayo Belwa/Jada/Ganye/Toongo,(Federal Constituency),Peoples Democratic Party
HON. DAHIRU AISHA AHMED,Adamawa,Yola North/Yola South & Girei,(Federal Constituency),Peoples Democratic Party
HON. HAMMANTUKUR AMINU RIBADU,Adamawa,Fufore/Song Federal Constituency,(Federal Constituency),Peoples Democratic Party
HON. EKPENYONG EMMANUEL ETIM,Akwa Ibom,Uyo,(Federal Constituency),All Progressives Congress
HON. UDOH SAVIOUR FRIDAY,Akwa Ibom,"Ikot Ekpene, Essien Udim, Obot Akara",(Federal Constituency),Peoples Democratic Party
HON. UMOH AKPAN MICAH,Akwa Ibom,"Ikot Abasi, Mkat Enin, Eastern Obolo",(Federal Constituency),Peoples Democratic Party
HON. UWAK ROBINSON EDET,Akwa Ibom,Oron/Mbo/Okobo/Urefong/udung-Uko,(Federal Constituency),Peoples Democratic Party
HON. UKOETE EMMANUEL ISSAC,Akwa Ibom,Ukanafun/Orukaanam,(Federal Constituency),Peoples Democratic Party
HON. ARCHIBONG KENNETH EDET,Akwa Ibom,Itu,(Federal Constituency),Peoples Democratic Party
HON. EKON EMMANUEL BARTHOLOMEW,Akwa Ibom,Abak/Etim Ekpo & Ika,(Federal Constituency),Peoples Democratic Party
HON. EFFIONG DANIEL AKPAN,Akwa Ibom,Etinan,(Federal Constituency),Peoples Democratic Party
HON. UDOKA INI AKPAN,Akwa Ibom,Ini /Ikono,(Federal Constituency),Peoples Democratic Party
HON. DAN-ABIA BASSEY,Akwa Ibom,Eket/Onna/Esit Eket/Ibeno,(Federal Constituency),Peoples Democratic Party
HON. ODEDO CHARLES C.,Anambra,Idemili North/Idemili,(Federal Constituency),All Progressives Congress
HON. OBIDIGWE CHIZOR LAMBERT,Anambra,Ayamelum / Oyi,(Federal Constituency),Peoples Democratic Party
HON. OGENE VICTOR AFAMUEFUNA,Anambra,Ogbaru,(Federal Constituency),All Progressives Grand Alliance
HON. AZUBOGU CHRIS EMEKA IFEANYI,Anambra,Nnewi North / South & Ekwusigo,(Federal Constituency),All Progressives Grand Alliance
HON. NWOGBO CHUKWUEMEKA EMMANUEL,Anambra, Awka North & South,(Federal Constituency),All Progressives Grand Alliance
HON. NWANKWO BEN NNEBEDUMCHUKWU,Anambra,Orumba South,(Federal Constituency),Peoples Democratic Party
HON. EKWUNIFE UCHE LILIAN,Anambra,Anocha/Njikoka/Dunukofia,(Federal Constituency),All Progressives Grand Alliance
HON. AMEKE CHRISCATO IKECHUKWU,Anambra,Anambra East/West,(Federal Constituency),Peoples Democratic Party
HON. EGWUATU CYRIL,Anambra,Onitsha North/South Federal,(Federal Constituency),All Progressives Grand Alliance
HON. DIKE FORT IFEANYI,Anambra,Ihiala,(Federal Constituency),Peoples Democratic Party
HON. EUCHARIA AZODO OKWUNNA,Anambra,Aguata,(Federal Constituency),Peoples Democratic Party
HON. DOGARA YAKUBU,Bauchi,Bogoro/Dass/Tafawa Balewa,(Federal Constituency),All Progressives Congress
HON. ADAMU MOHAMMED TUKUR,Bauchi,ALKALERI/KIRFI,(Federal Constituency),Peoples Democratic Party
HON. GEBI ALIYU IBRAHIM,Bauchi,Bauchi,(Federal Constituency),All Progressives Congress
HON. MOHAMMED ISA HASSAN,Bauchi,JAMAARE/ITAS-GADAU,(Federal Constituency),Peoples Democratic Party
HON. SALEH AUWALU DAHIRU,Bauchi,Katagum,(Federal Constituency),All Progressives Congress
HON. ABDULRAZAK  NUHU ZAKI,Bauchi,NINGI/WARJI,(Federal Constituency),Peoples Democratic Party
HON. AUWAL MOHAMMED JATAU,Bauchi,Zaki,(Federal Constituency),Peoples Democratic Party
HON. GURAI ADAMU,Bauchi,Shira/Giade,(Federal Constituency),All Progressives Congress
HON. AHMED ABUBAKAR MISAU,Bauchi,Misau/ Dambam,(Federal Constituency),Peoples Democratic Party
HON. GUMAU LAWAL YAHAYA,Bauchi,Toro,(Federal Constituency),All Progressives Congress
HON. SADE UMAR ABUBAKAR,Bauchi,Darazo/Ganjuwa,(Federal Constituency),Peoples Democratic Party
HON. GOLOLO MADAKI AHMED,Bauchi,Gamawa,(Federal Constituency),Peoples Democratic Party
HON. OGORIBA WARMAN WERI,Bayelsa,Yenagoa/K/Opokuma,(Federal Constituency),Peoples Democratic Party
HON. JEPHTHAH FOINGHA,Bayelsa,Brass / Nembe,(Federal Constituency),Peoples Democratic Party
HON. DANIEL-OFONGO HENRY ALADEINYEFA,Bayelsa,Southern Ijaw,(Federal Constituency),Peoples Democratic Party
HON. KARIBO NADU SOALABOYE,Bayelsa,Ogbia,(Federal Constituency),Peoples Democratic Party
HON. DORGU STELLA OLUWAROTIMI AYAMARA,Bayelsa,Sagbama/Ekeremor,(Federal Constituency),Peoples Democratic Party
HON. OKWU SAMSON,Benue,Oju / Obi,(Federal Constituency),Peoples Democratic Party
HON. ADAJI AWULU EZEKIEL,Benue,OTUKPO/OHIMINI,(Federal Constituency),Peoples Democratic Party
HON. SALEH HASSAN ANTHONY,Benue,ADO/OGBADIBO/OKPOKWU,(Federal Constituency),Peoples Democratic Party
HON. ENTONU ADAMU OCHEPO,Benue,APA/AGATU,(Federal Constituency),Peoples Democratic Party
HON. DYEGH JOHN,Benue,GBOKO/TARKA,(Federal Constituency),All Progressives Congress
HON. JIME EMMANUEL,Benue,MAKURDI/GUMA,(Federal Constituency),All Progressives Congress
HON. ALAAGA CHRISTINA  DEMNENGE,Benue,Gwer East/Gwer West,(Federal Constituency),Peoples Democratic Party
HON. IORWASE HEMBE  HERMAN,Benue,Konshisha/Vandekiya,(Federal Constituency),Peoples Democratic Party
HON. ABOHO BENJAMIN ITYOKUMBA,Benue,Kwande/Ushongo,(Federal Constituency),Peoples Democratic Party
HON. UDENDE EMMAUEL MEMGA,Benue,Katsina-Ala Ukum Logo,(Federal Constituency),Peoples Democratic Party
HON. ITYAR JOSEPH TERFA,Benue,Buruku,(Federal Constituency),Peoples Democratic Party
HON. MSHELIZA ABDUL MUSA,Borno,Askira /Uba / Hawul,(Federal Constituency),All Progressives Congress
HON. SANDA MOHAMMED  ALHAJI,Borno,Kaga / Gubio / Magumeri,(Federal Constituency),All Progressives Congress
HON. GUJBAWU KAKA KYARI,Borno,Maiduguri,(Federal Constituency),Peoples Democratic Party
HON.  TERAB ABDURAHMAN ABBA,Borno,Bama / Ngala,(Federal Constituency),All Progressives Congress
HON. MONGUNO MOHAMMED TAHIR,Borno,"Marte, Monhuno & Nganzai",(Federal Constituency),All Progressives Congress
HON. KHADI IBRAHIM KAAMUNA,Borno,Jere,(Federal Constituency),Peoples Democratic Party
HON. LAWAN ISA,Borno,"Kukawa, Gutamala Abadam, Mobbar",(Federal Constituency),All Progressives Congress
HON. BIYE PETER GUMTHA,Borno,Damibo'a / Chibok/ Gwoza,(Federal Constituency),All Progressives Congress
HON. MAINA MAHMUD LAWAN MAINA,Borno,Mafa/Dikwa/Konduga,(Federal Constituency),All Progressives Congress
HON. MUKTAR ALIYU BETARA,Borno,Biu / Bayo / Kwaya-Kusar / Shani,(Federal Constituency),All Progressives Congress
HON. OKO ROSE OKOJI,Cross River,OGOJA/YALA,(Federal Constituency),Peoples Democratic Party
HON. ASUOUO DANIEL EFFIONG,Cross River,AKAMKPA/BIASE,(Federal Constituency),Peoples Democratic Party
HON. TOYO NKOYO ESU,Cross River,CALABAR/UDOKPANI,(Federal Constituency),Peoples Democratic Party
HON. ADAH FRANCIS BUSAM,Cross River,OBANIKU/OBUDU/BEKWARRA,(Federal Constituency),Peoples Democratic Party
HON. EKO EWA BASSEY,Cross River,Yakurr/Abi,(Federal Constituency),Peoples Democratic Party
HON. ETA  CHRISTOPHER   SUNDAY,Cross River,Boki/Ikom,(Federal Constituency),Peoples Democratic Party
HON. ENOH JOHN ENOH OWAN,Cross River,Obubra/Etung,(Federal Constituency),Peoples Democratic Party
HON. AYI ESSIEN   EKPEYONG,Cross River,Calabar South/Akpabuyo/Bakassi,(Federal Constituency),Peoples Democratic Party
HON. AUSTIN OGBABURHON OKPOVIEKPURAI,Delta,Udu/Ughelli North/South,(Federal Constituency),Democratic Peoples Party
HON. VICTOR NWOKOLO ONYEMECHI,Delta,Ikan North-East,(Federal Constituency),Peoples Democratic Party
HON. AKPODIOGAGA EMEYESE SUNDAY,Delta,Ethiope,(Federal Constituency),Peoples Democratic Party
HON. REYEMEJU DANIEL ORITSEGBUBEMI,Delta,Warri North/Warri South/Warri West,(Federal Constituency),Peoples Democratic Party
HON. OGOR LEONARD  OKUWEH,Delta,Isoko North/Isoko South,(Federal Constituency),Peoples Democratic Party
HON. EBOMO MUTU   NICHOLAS,Delta,Bomadi/Patani,(Federal Constituency),Peoples Democratic Party
HON. ELUMELU NDUDI  GODWIN,Delta,Aniocha North/Aniocha South/Oshimili North/Oshimili South,(Federal Constituency),Peoples Democratic Party
HON. OBORO EVELYN OMAVOWAN,Delta,Okpe/ Sapele/ Uvwie,(Federal Constituency),Peoples Democratic Party
HON. FRANCIS ENEKOROGHA PENAWEI,Delta,Burutu,(Federal Constituency),Peoples Democratic Party
HON. OSSAI OSSAI NICHOLAS,Delta,NDOKWA WEST/ UTAGBA-OGBE,(Federal Constituency),Peoples Democratic Party
HON. TOBIAS OKWURU CHUKWUEMEKA,Ebonyi,IKwo / Ezza South,(Federal Constituency),Peoples Democratic Party
HON. OKORIE LINUS,Ebonyi,Ohaozara/Onicha/Ivo,(Federal Constituency),Peoples Democratic Party
HON. ISU  OMO CHRISTOPHER,Ebonyi,Afikpo North/Afikpo South,(Federal Constituency),Peoples Democratic Party
HON. OGBAGA  SYLVESTER  O,Ebonyi,Abakaliki/Izzi,(Federal Constituency),Peoples Democratic Party
HON. ALI PETER OGE,Ebonyi,Ebonyi/Ohaukwu,(Federal Constituency),Peoples Democratic Party
HON. OYEMAECHI PETER EDEH,Ebonyi,Ezza North/Ishelu,(Federal Constituency),All Progressives Congress
HON. ADUN JIM AIKU,Edo,Egor / Ikpoba-Okha,(Federal Constituency),All Progressives Congress
HON. IRIASE PALLY ISUMAFE OBOKHUAIME,Edo,Owan East / West,(Federal Constituency),All Progressives Congress
HON. AKPATASON  PETER OHIOZOJEH,Edo,Akoko-Edo,(Federal Constituency),All Progressives Congress
HON. OSAHON NOSAKHARE ISAAC,Edo,Ovia Federal Constituency,(Federal Constituency),All Progressives Congress
HON. MOMOH ABUBAKAR ESHIOKPEK,Edo,Etsako,(Federal Constituency),All Progressives Congress
HON. BELLO-OSAGIE RAZAQ,Edo,Oredo,(Federal Constituency),All Progressives Congress
HON. IKHARIALE PATRICK A.,Edo,"Esan Central, Esan West, Igueben",(Federal Constituency),Peoples Democratic Party
HON. ITULAH FRIDAY,Edo,Esan North East/South West,(Federal Constituency),Peoples Democratic Party
HON. OSAGIE SAMSON RAPHEAL,Edo,Orhionmwon/Uhunmwode,(Federal Constituency),All Progressives Congress
HON. OJO OYETUNDE OLADIMEJI,Ekiti,IJERO/EFON/EKITI WEST,(Federal Constituency),All Progressives Congress
HON. FAPARUSI BAMIDELE AYODELE,Ekiti,EMURE/GBONYIN/EKITI EAST,(Federal Constituency),All Progressives Congress
HON. DARAMOLA ABIMBOLA OLUWAFEMI,Ekiti,EKITI NORTH,(Federal Constituency),All Progressives Congress
HON. BAMIDELE MICHAEL OPEYEMI,Ekiti,ADO EKITI/IREPODUN-IFELODUN,(Federal Constituency),Labour
HON. AJIBOYE ROBINSON GBADEBO,Ekiti,EKITI II,(Federal Constituency),All Progressives Congress
HON. AROWOSOGE ABIOSE IFEOLUWA,Ekiti,EKITI SOUTH WEST/IKERE/ISE -ORUN,(Federal Constituency),All Progressives Congress
HON. NGWU STELLA UCHENWA OBIAGELI,Enugu,Igbo Etiti,(Federal Constituency),Peoples Democratic Party
HON. OKECHUKWU TOBY TOBY,Enugu,Aninri / Agwu / Oji-River,(Federal Constituency),Peoples Democratic Party
HON. CHUKWUEGBO OFORBUIKE GREGORY,Enugu,Enugu North/Enugu South,(Federal Constituency),Peoples Democratic Party
HON. OZIOKOJA ASADU PATRICK,Enugu,Nsukka/Igboeze,(Federal Constituency),Peoples Democratic Party
HON. OZOMGBACHI OGBUEFI   ORA,Enugu,Ezeagu/Udi,(Federal Constituency),Peoples Democratic Party
HON. NNAJI PEACE UZOAMAKA,Enugu,Nkanu East/Nkanu West,(Federal Constituency),Peoples Democratic Party
HON. IFEANYI UGWUANYI,Enugu,Igboeze North/Udenu,(Federal Constituency),Peoples Democratic Party
HON. EBENYI KINGSLEY,Enugu,Enugu_East / Isi-Uzo,(Federal Constituency),Peoples Democratic Party
HON. EGAH ISAH DOBI,FCT,Gwagwalada/Kuje,(Federal Constituency),Peoples Democratic Party
HON. BITRUS ZAPHANIAH JISALO,FCT,ABUJA MUNICIPAL/BWARI,(Federal Constituency),Peoples Democratic Party
HON. AHMED KHAMISU MAILANTARKI,Gombe,Gombe Kwami Funakaye,(Federal Constituency),All Progressives Congress
HON. MANU YUSUF SWA,Gombe,Balanga/Biliri,(Federal Constituency),Peoples Democratic Party
HON. KUMO USMAN BELLO,Gombe,AKKO,(Federal Constituency),Peoples Democratic Party
HON. BELLO BINTA MAIGARI,Gombe,KALTUNGO/SHONGOM,(Federal Constituency),Peoples Democratic Party
HON. GALADIMA SHU'AIBU  UMAR,Gombe,Yamaltu-Deba,(Federal Constituency),Peoples Democratic Party
HON. AHMED UMAR SULEIMAN NAFADA,Gombe,Dukku/Nafada,(Federal Constituency),Peoples Democratic Party
HON. ALPHONSUS IRONA GERALD,Imo,Ohaji / Egbema-Oguta-Oru West,(Federal Constituency),Peoples Democratic Party
HON. AMADI BETHEL NNAEMEKA,Imo,Mbaitoli/Ikeduru,(Federal Constituency),Peoples Democratic Party
HON. IHEDIOHA CHUKWUEMEKA NKEM,Imo,Aboh Mbaise/Ngor Okpala Federal Consistuency,(Federal Constituency),Peoples Democratic Party
HON. IFEANYICHUKWU EDDIE MBADIWE,Imo,IDEATO NORTH/SOUTH,(Federal Constituency),All Progressives Grand Alliance
HON. ONYERERI CHUKWUDI JONES VICTOR,Imo,NKWERRE/NWANGELE/ISU/NJABA,(Federal Constituency),Peoples Democratic Party
HON. ONYEWUCHI EZENWA FRANCIS,Imo,OWERRI MINICIPAL/NORTH/WEST,(Federal Constituency),All Progressives Grand Alliance
HON. UWAZURIKE CHUDI PATRICK,Imo,EHIME/IHITTE UBOMA/OBONO,(Federal Constituency),Peoples Democratic Party
HON. IGBOKWE RAPHEAL UZOCHI NNANNA,Imo,AHIAZU-MBAISE/EZINITTE,(Federal Constituency),Peoples Democratic Party
HON. ALAGBASO JERRY,Imo,ORLU/ORSU/ORUE AST,(Federal Constituency),Peoples Democratic Party
HON. IHEDIOHA CHUKWUEMEKA NKEM,Imo,Aboh Mbaise/Ngor Okpala Federal Consistuency,(Federal Constituency),Peoples Democratic Party
HON. OMEGARA MATTHEW M.,Imo,Onuimo/Okigwe/Isiala Mbano,(Federal Constituency),All Progressives Congress
HON. ADAMU BASHIR,Jigawa,Kazaure/Roni Gwiwa,(Federal Constituency),Peoples Democratic Party
HON. DUNARI   YUSUFU SALE,Jigawa,Mallam Madori/Kaugama,(Federal Constituency),Peoples Democratic Party
HON.  KHABEEB MUSTAPHA,Jigawa,Jahun/Miga,(Federal Constituency),Peoples Democratic Party
HON. NAKUDU  SABO  MOHAMMED,Jigawa,Birnin-Kudu/Buji,(Federal Constituency),Peoples Democratic Party
HON. GARBA IBRAHIM MOHAMMED,Jigawa,Tankarkar/Gagarawa,(Federal Constituency),Peoples Democratic Party
HON. ABDULKADIR HUSSEIN NAMADI,Jigawa,Hadejia/Kafin Hausa,(Federal Constituency),Peoples Democratic Party
HON. GALAMBI YUSUF SHITU,Jigawa,Gwaram,(Federal Constituency),Peoples Democratic Party
HON. UBALE SAFIYANU  TAURA,Jigawa,Ringim/Taura,(Federal Constituency),Peoples Democratic Party
HON. USMAN WADA GARKI,Jigawa,BABURA/GARKI,(Federal Constituency),Peoples Democratic Party
HON. IBRAHIM TIJJANI KIYAWA,Jigawa,DUTSE/KIYAWA,(Federal Constituency),Peoples Democratic Party
HON. HASSAN ADAMU ABUNABO,Jigawa,BIRNIWA/GURI/KIRIKASAMMA,(Federal Constituency),Peoples Democratic Party
HON. GARBA SHEHU NICHOLAS,Kaduna,Jema'a /Sanga,(Federal Constituency),Peoples Democratic Party
HON. BARDE YAKUBU UMARU,Kaduna,Kajuru/Chikum,(Federal Constituency),Peoples Democratic Party
HON. TAJUDEEN ABBAS,Kaduna,Zaria,(Federal Constituency),All Progressives Congress
HON. AHMED CHANCHANGI RUFAI,Kaduna,Kaduna South,(Federal Constituency),All Progressives Congress
HON. BELLO IBRAHIM,Kaduna,Igabi,(Federal Constituency),All Progressives Congress
HON. BALA YUSUF,Kaduna,Ikara/KuKubau,(Federal Constituency),All Progressives Congress
HON. JAGABA JAGABA ADAMS,Kaduna,Kachiya/Kagarko,(Federal Constituency),Peoples Democratic Party
HON. ABDULLAHI MOHAMMED SHAMSIDIN ANGO,Kaduna,Giwa/Birnin-Gwari,(Federal Constituency),All Progressives Congress
HON. LAWAL IBRAHIM NUHU KAYARDA,Kaduna,Lere,(Federal Constituency),Peoples Democratic Party
HON. ARABO SIMON YAKUBU,Kaduna,Kauru,(Federal Constituency),Peoples Democratic Party
HON. MUHAMMAD GARBA DATTI,Kaduna,Sabon Gari,(Federal Constituency),All Progressives Congress
HON. USMAN BAWA SHEHU,Kaduna,Kaduna North,(Federal Constituency),All Progressives Congress
HON. GIDEON GWANI LUCAS,Kaduna,Kaura,(Federal Constituency),Peoples Democratic Party
HON. GAIYA  GODFREY ALI,Kaduna,Jaba/Zangon Kafat,(Federal Constituency),Peoples Democratic Party
HON. MUSTAPHA  IBRAHIM KHALID,Kaduna,Soba,(Federal Constituency),Peoples Democratic Party
HON. ASHIRU  ISA  MOHAMMED,Kaduna,Makarfi/Kudan,(Federal Constituency),Peoples Democratic Party
HON. ABDULKADIR TIJJANI JOBE,Kano,Dawakin-Tofa/Tofa/Rimin Gado,(Federal Constituency),All Progressives Congress
HON. LAWAN  FAROUK  MOHAMMED,Kano,Bagwai/Shanono,(Federal Constituency),Peoples Democratic Party
HON. ADO MUSA TSAMIYA,Kano,Gezawa/Gabasawa,(Federal Constituency),All Progressives Congress
HON.  ZAREWA AHMAD AUDI,Kano,Karaye/Rogo,(Federal Constituency),All Progressives Congress
HON. JIBRIN ABDULMUMIN,Kano,Kiru/Bebeji,(Federal Constituency),All Progressives Congress
HON. MUSA HARUNA FATAHI,Kano,Kano Municipal,(Federal Constituency),All Progressives Congress
HON. MOHAMMED USMAN  ADAMU,Kano,Albasu/Gaya/Ajingi,(Federal Constituency),All Progressives Congress
HON. ALIYU RANO SANI  MOHAMMED,Kano,Rano/Bunkure/Kibiya Federal Constituency,(Federal Constituency),All Progressives Congress
HON. GARO NASIRU SULE,Kano,Gwarzo/kabo Federal Constituency,(Federal Constituency),All Progressives Congress
HON. CHIROMAWA MUHTARI MUHAMMAD,Kano,Kura/Madobi/Garin Malan,(Federal Constituency),All Progressives Congress
HON. DANAGUNDI MUNIR BABBA,Kano,Kumbotso,(Federal Constituency),Peoples Democratic Party
HON. ILA NASIRU BABALLE,Kano,Tarauni,(Federal Constituency),All Progressives Congress
HON. GALADANCHI MUHAMMAD BASHIR,Kano,Gwale,(Federal Constituency),Peoples Democratic Party
HON. SHEHU LAWAN,Kano,Bichi,(Federal Constituency),All Progressives Congress
HON. AHMED NASSIR ALI,Kano,Nassarawa,(Federal Constituency),All Progressives Congress
HON. AYUBA BADAMASI,Kano,Dabbatta/Makoda,(Federal Constituency),All Progressives Congress
HON. MADAKI ALIYU SANI,Kano,Dala,(Federal Constituency),All Progressives Congress
HON. BASHIR BABALE,Kano,Ungogo/Minjibir,(Federal Constituency),All Progressives Congress
HON. ADAMU ABDULSALAM,Kano,Tsanyawa/Kunchi,(Federal Constituency),Peoples Democratic Party
HON. BALA MUSTAPHA DAWAKI,Kano,Dawakin-Kudu/Warawa,(Federal Constituency),All Progressives Congress
HON. SULEIMAN AMINU GORO,Kano,Fagge,(Federal Constituency),All Progressives Congress
HON. ABDULRAHAMAN SUMAILA KAWU SULEIMAN,Kano,Sumaila/Takai,(Federal Constituency),All Progressives Congress
HON. GARBA  ALHASSAN  ADO,Kano,Tudun-Wada/Doguwa,(Federal Constituency),All Progressives Congress
HON. WUDIL MOHAMMED ALI,Kano,Wudil/Garko,(Federal Constituency),All Progressives Congress
HON. GARBA DANLAMI,Katsina,MUSAWA/MATAZU,(Federal Constituency),Peoples Democratic Party
HON. DALHAT HAMZA,Katsina,BATAGARA/CHARANGI/RIMI,(Federal Constituency),All Progressives Congress
HON. AUWALU SANI,Katsina,DUTSIN-MA/KURFI,(Federal Constituency),Peoples Democratic Party
HON. SANI NASIRU ZANGON DAURA,Katsina,ZANGO/BAURE,(Federal Constituency),All Progressives Congress
HON. DAN-MUSA GAMBO MUSA,Katsina,SAFANA/DAN-MUSA/BATSARI,(Federal Constituency),All Progressives Congress
HON. AMIRUDDIN TUKUR,Katsina,Bakoro/Danja,(Federal Constituency),All Progressives Congress
HON. BABANGIDA IBRAHIM,Katsina,Malunfashi/Kafur,(Federal Constituency),All Progressives Congress
HON. SALISCO SALISU,Katsina,Kaita/Jibiya Constituency,(Federal Constituency),All Progressives Congress
HON. KAITA AHMED B,Katsina,Kankia/Kusada/ Ingawa Federal Constituency,(Federal Constituency),All Progressives Congress
HON. ABUBAKAR SHIEK UMAR,Katsina,Katsina Federal Constituency,(Federal Constituency),All Progressives Congress
HON. DAURA SALISU ADO,Katsina,Daura/Maiduwa/Sadamu Constituency,(Federal Constituency),All Progressives Congress
HON. DORO ISA LAWAL,Katsina,Mani/Bindawa Constituency,(Federal Constituency),All Progressives Congress
HON. MASHI SANI BELLO,Katsina,Mashi/Dutsi Constituency,(Federal Constituency),All Progressives Congress
HON. MACHIKA ABBAS,Katsina,Kankara/Faskari/Sabuwa Constituency,(Federal Constituency),All Progressives Congress
HON. FUNTUA MANSUR,Katsina,Funtua/Dandume Constituency,(Federal Constituency),All Progressives Congress
HON. GULMA GARBA  MUSA,Kebbi,Argungu/Augie,(Federal Constituency),Peoples Democratic Party
HON. KAMBA IBRAHIM  BAWA,Kebbi,Arewa/Dandi,(Federal Constituency),Peoples Democratic Party
HON. MOHAMMED KALGO SANI UMAR,Kebbi,Birnin Kebbi - Kalgo - Bunza,(Federal Constituency),Peoples Democratic Party
HON. MUSA AMINU KOKO,Kebbi,Maiyama/koko - Besse,(Federal Constituency),Peoples Democratic Party
HON. DAN-ALKALI ABDULLAHI MOHAMMED,Kebbi,Zuru/Fakai/Sakaba/Danko-Wasagu,(Federal Constituency),Peoples Democratic Party
HON. UBA GARBA UMAR,Kebbi,Yauri/Shanga/Ngasky,(Federal Constituency),Peoples Democratic Party
HON. HALILU ALIERO UMAR,Kebbi,"Aliero, Gwandu, Jega",(Federal Constituency),Peoples Democratic Party
HON. A. BELLO KAOJE,Kebbi,Bagudo / Suru,(Federal Constituency),Peoples Democratic Party
HON. ZAKARI TOM OGIJO,Kogi,Bassa / Dekina,(Federal Constituency),Peoples Democratic Party
HON. IDRIS MOHAMMED  IBRAHIM,Kogi,Ankpa-Omala-Olamaboro,(Federal Constituency),Peoples Democratic Party
HON. YUSUF AYO TAJUDEEN,Kogi,KABBA-BUNU/IJIMU,(Federal Constituency),Peoples Democratic Party
HON. KARIM SUNDAY STEVE,Kogi,Yagba East/West,(Federal Constituency),Peoples Democratic Party
HON. TIJANI AHMED YUSUF,Kogi,OKENE/OGORI-MAGONGO,(Federal Constituency),Peoples Democratic Party
HON. HUSSAIN ISMAIL INAH,Kogi,IDAH/IGALAMELA/IBAJI/OFU,(Federal Constituency),Peoples Democratic Party
HON. BADAMASUIY ABDULRAHAMAN,Kogi,ADAVI/OKEHI,(Federal Constituency),Peoples Democratic Party
HON. JIBRIL  UMAR BUBA,Kogi,Lokoja,(Federal Constituency),Peoples Democratic Party
HON. MOHAMMED SADIQ ASEMA,Kogi,Ajaokuta,(Federal Constituency),Peoples Democratic Party
HON. AHMAN PATEGI ALIYU  BAHAGO,Kwara,Edu/Moro/Patigi,(Federal Constituency),All Progressives Congress
HON. MUSTAPHA MASHOOD,Kwara,Ilorin West/Asa,(Federal Constituency),All Progressives Congress
HON. AHMAD ALI B.,Kwara,Ilorin East/Ilorin South,(Federal Constituency),All Progressives Congress
HON. ZAKARI MOHAMMED,Kwara,Baruten/Kalama,(Federal Constituency),All Progressives Congress
HON. IBRAHIM RAFIU ADEBAYO,Kwara,Felodun/Offa/Oyun,(Federal Constituency),All Progressives Congress
HON. AKEEM AIYEDUN OLAYINKA,Kwara,"Isin, Irepodun, Ekiti & Oke-Ero",(Federal Constituency),All Progressives Congress
HON. JAKANDE AYODEJI LABIB,Lagos,Somolu,(Federal Constituency),All Progressives Congress
HON. GBAJABIAMILA FEMI,Lagos,Surulere I Federal Constituency,(Federal Constituency),All Progressives Congress
HON. KAKO ARE ABAYOMI  DAUDA,Lagos,Mushin I Federal Constituency,(Federal Constituency),All Progressives Congress
HON. ONABAMIRO RAFEEQUAT ARINOLA,Lagos,Badagry,(Federal Constituency),All Progressives Congress
HON. DABIRI-EREWA ABIKE,Lagos,Ikorodu,(Federal Constituency),All Progressives Congress
HON. FATAI MORUF  AKINDERU,Lagos,Oshodi-Isolo I Federal Constituency,(Federal Constituency),All Progressives Congress
HON. OLADUNJOYE HAMZAT  GANIYU,Lagos,Mushin II Federal Constituency,(Federal Constituency),All Progressives Congress
HON. OWOLABI MONSURU  ALAO,Lagos,Lagos Island II Federal Constituency,(Federal Constituency),All Progressives Congress
HON. OKOYA-THOMAS OLAJUMOKE,Lagos,Lagos Island I Federal Constituency,(Federal Constituency),All Progressives Congress
HON. AJEBIOSU YACOOB  EKUNDAYO A.,Lagos,Kosofe Federal Constituency,(Federal Constituency),All Progressives Congress
HON. TUNJI OLUKOLU GANIYU,Lagos,Amuwo Odofin Federal Constituency,(Federal Constituency),All Progressives Congress
HON. MUNIRU HAKEEM ABIODUN,Lagos,Oshodi / Isolo Fed. Const II,(Federal Constituency),All Progressives Congress
HON. AKINLOYE HAZEEZ BABAJIDE,Lagos,Eti-Osa,(Federal Constituency),All Progressives Congress
HON. ADEOLA SOLOMON OLAMILEKAN,Lagos,Alimosho,(Federal Constituency),All Progressives Congress
HON. KAZEEM ALLIU BABATUNDE,Lagos,Surulere Fed. Const. II,(Federal Constituency),All Progressives Congress
HON. BABATUNDE JIMOH ADEWALE,Lagos,Apapa Federal Constituency,(Federal Constituency),All Progressives Congress
HON. ABIODUN FALAKE JAMES,Lagos,IKEJA,(Federal Constituency),All Progressives Congress
HON. BALOGUN YAKUB ABIOUDUN AKANNI,Lagos,LAGOS ISLAND II,(Federal Constituency),All Progressives Congress
HON. ABAYOMI OGUNNISI MICHAEL,Lagos,Ifako Ijaye,(Federal Constituency),All Progressives Congress
HON. ADEJARE SAMUEL BABATUNDE,Lagos,AGEGE,(Federal Constituency),All Progressives Congress
HON. MUKAILA ODUBOTE LANRE,Lagos,EPE,(Federal Constituency),All Progressives Congress
HON. ADENEKAN TAIWO OYEWOLE,Lagos,AJEROMI/IFELODUN,(Federal Constituency),All Progressives Congress
HON. ISIAKA SUARAU OLUWATOYIN,Lagos,OJO,(Federal Constituency),All Progressives Congress
HON. AYEOLA ABDUL - KABIRU ABAYOMI,Lagos,IJEBU - LEKKI,(Federal Constituency),All Progressives Congress
HON. ONAWO MOHAMMED OGOSHI,Nasarawa,AWE/DOMA/KEANA,(Federal Constituency),Peoples Democratic Party
HON. EMMANUEL DAVID DAVEMATICS OMBUGADU,Nasarawa,AKWANGA/WAMBA/NASARAWA EGGON,(Federal Constituency),Peoples Democratic Party
HON. ONWANA MUSA BABA,Nasarawa,Nasarawa / Toto,(Federal Constituency),All Progressives Congress
HON. KANA ISHAQ AHMED,Nasarawa,Karu / Kokona / Keffi,(Federal Constituency),All Progressives Congress
HON. HARUNA KIGBU JOSEPH,Nasarawa,Lafia / Obi,(Federal Constituency),Peoples Democratic Party
HON. HALIRU ZAKARI JIKANTORO,Niger,Agwara / Borgu,(Federal Constituency),Peoples Democratic Party
HON. GARBA ABDULLAHI  IDRIS,Niger,Kontagora/Wushishi/Mariga/Mashegu,(Federal Constituency),All Progressives Congress
HON. MOHAMMED ABDULLAHI RICCO,Niger,MUNYA/RAFI/SHIRORO,(Federal Constituency),Peoples Democratic Party
HON. SHAMAKI ATIKU,Niger,MAGAMA/RIJAU,(Federal Constituency),All Progressives Congress
HON. MOHAMMED AHMED MUKHTAR,Niger,Gurara/Suleja/Tafa,(Federal Constituency),Peoples Democratic Party
HON. USMAN CHECHE ABDULMALIK DAGACI,Niger,Bida Gbaka Paicho,(Federal Constituency),Peoples Democratic Party
HON. BAGO MOHAMMED UMARU,Niger,Chanchaga,(Federal Constituency),All Progressives Congress
HON. MOHAMMED IDRIS SANI,Niger,Lavvn/Edati/Mokwa,(Federal Constituency),Peoples Democratic Party
HON. IBRAHIM ABDUL EBBO,Niger,Agale / Lapai,(Federal Constituency),Peoples Democratic Party
HON. SHADAFI SALIHU ADAMU,Niger,Bosso/Paikoro,(Federal Constituency),All Progressives Congress
HON. RAZAQ ADEWUSI  TUNDE,Ogun,Egbado North/Imeko Afon,(Federal Constituency),PPN
HON. ISIAQ AKINLADE  A.,Ogun,Egbado South/Ipokia,(Federal Constituency),Peoples Democratic Party
HON. OSOBA OLUMIDE BABATUNDE,Ogun,"Abeokuta North, Obafemi Owode & Odeda Fed. Const.",(Federal Constituency),All Progressives Congress
HON. WILLIAMS SAMUEL OLUSEGUN,Ogun,Abeokuta South,(Federal Constituency),All Progressives Congress
HON. OGUNOLA BABATUNDE OLABODE,Ogun,Ado-Odo / Otta,(Federal Constituency),All Progressives Congress
HON. ADEYEMI ADEKUNLE,Ogun,Ifo / Ewekoro,(Federal Constituency),All Progressives Congress
HON. KEHINDE ODENEYE OLESEGUN,Ogun,Ijebu Central,(Federal Constituency),All Progressives Congress
HON. ABUDU-BALOGUN ABIODUN,Ogun,Ogun Waterside/Ijebu North /East,(Federal Constituency),All Progressives Congress
HON. BURAIMO BUKUYOLA TAOFEEK,Ogun,Sagamu/Ikenne / Remo North,(Federal Constituency),All Progressives Congress
HON. ENIOLORUNDA OMOSULE,Ondo,Owo/Ose,(Federal Constituency),Labour Party
HON. OLOGUNAGBA DEBO  JEROME,Ondo,Akoko South East/South Wes,(Federal Constituency),Labour Party
HON. JOSEPH AKINLAJA IRANOLA,Ondo,ONDO EAST/WEST,(Federal Constituency),Labour Party
HON. BAKARE MOSHOOD ABIODUN,Ondo,Idanre / Ifedore,(Federal Constituency),Labour Party
HON. ABEGUNDE IFEDAYO SUNDAY,Ondo,Akure South / North,(Federal Constituency),ACN
HON. DAUDA GANNY OLUWADARE,Ondo,Akoko North East/North-West,(Federal Constituency),Labour Party
HON. ALBERT AKINTOYE,Ondo,Okitipupa/Irele,(Federal Constituency),Peoples Democratic Party
HON. JOHNSON ADEOBA AKINTOLA,Ondo,Ile - Oluji/Okeigbo & Odigbo,(Federal Constituency),Labour Party
HON. NOMIYE RAPHAEL OLOYE,Ondo,Ilaje / Ese Odo,(Federal Constituency),Labour Party
HON. OLAROTIMI MAKINDE MIKAIL,Osun,Ife Federal Constituency,(Federal Constituency),All Progressives Congress
HON. TAJUDEEN AJAGBE ADETUNJI,Osun,Eden North,(Federal Constituency),All Progressives Congress
HON. GAFARU AKINTAYO AMERE,Osun,Ayedire / Iwo / Ola-Oluwa,(Federal Constituency),All Progressives Congress
HON. FAKEYE JULIUS OLUFEMI,Osun,Boluwaduro / Ifedayo / Ila,(Federal Constituency),All Progressives Congress
HON. AGUNBIAZE NATHANIEL IGE,Osun,Oriade / Obokon,(Federal Constituency),All Progressives Congress
HON. AJIBOLA FAMUREWA ISRAEL,Osun,Atakumosa / East/ West & Ilesa East /West,(Federal Constituency),All Progressives Congress
HON. SULAIMON YUSSUFF LASUN,Osun,Irepodun / Olorunda / Orolu / Osogbo,(Federal Constituency),All Progressives Congress
HON. OMIDIRAN AYO,Osun,Ayedaade / Irewole / Isokan,(Federal Constituency),All Progressives Congress
HON. AJAYI ADEYINKA AYANTUNJI,Osun,Osun Central II (Odo-Otin / Ifelodun / Boripe,(Federal Constituency),All Progressives Congress
HON. AKANDE-ADEOLA  MULIKAT O.,Oyo,"Ogbomosho North,South/Orire",(Federal Constituency),Peoples Democratic Party
HON. AJIBOLA  MURAINA SAUBANA,Oyo,Ibarapa Central/North,(Federal Constituency),Peoples Democratic Party
HON. ODEBUNMI OLUSEGUN DOKUN,Oyo,Ogo Oluwa / Surulere,(Federal Constituency),Peoples Democratic Party
HON. SAHEED AKINADS- FIJABI,Oyo,Ibadan North,(Federal Constituency),All Progressives Congress
HON. OLAYFA IBRAHIM ADENIYI,Oyo,Oluyole,(Federal Constituency),ACCORD
HON. JIMOH AFEES ADELOWO,Oyo,Irepo/Orelope/Olorunsogo,(Federal Constituency),Peoples Democratic Party
HON. BUSARI OLAYEMI SIKIRU,Oyo,Egbeda/ Ona-Ara,(Federal Constituency),ACCORD
HON. AWOLEYE ABIODUN DADA,Oyo,Ibadan North,(Federal Constituency),All Progressives Congress
HON. BUSARI MURITALA KAYODE ADEWALE,Oyo,Akinyele/Lagelu,(Federal Constituency),ACCORD
HON. OYEKOLA OLABIYI JULIUS,Oyo,Iseyin/ Itesiwasu / Kajola / Iwajowa,(Federal Constituency),All Progressives Congress
HON. ADEYEMI ADEPOJU SUNDAY,Oyo,Ibarapa East / Ido,(Federal Constituency),All Progressives Congress
HON. ABISODUN KAREEM  TAJUDEEN,Oyo,"Saki East,West/Atisbo",(Federal Constituency),Peoples Democratic Party
HON. AJAJA ABIOLA ADEBUKOLA,Oyo,Ibadan N.East / South East,(Federal Constituency),ACCORD
HON. AKINLABI MUDASHIRU KAMIL,Oyo,Afijio/Atiba East/Oyo West,(Federal Constituency),Peoples Democratic Party
HON. MWADKWON SIMON DAVOU,Plateau,Barakin-Ladi/Riyom,(Federal Constituency),Peoples Democratic Party
HON. JONATHAN AMINU PUNWET,Plateau,MANGU/BOKKOS,(Federal Constituency),Peoples Democratic Party
HON. IDRIS  AHMED,Plateau,Wase,(Federal Constituency),All Progressives Congress
HON. LAR BENI,Plateau,Langtang North/Langtang South,(Federal Constituency),Peoples Democratic Party
HON. KAZE BITRUS B.,Plateau,Jos South/Jos East,(Federal Constituency),Peoples Democratic Party
HON. KWANDE SULEIMAN YAHAYA,Plateau,Jos North/Bassa Federal Constituency,(Federal Constituency),All Progressives Congress
HON. GOAR EMMANUEL LOKJI LUKA,Plateau,PANKSHIN/KANKE/KANAM,(Federal Constituency),Peoples Democratic Party
HON. TIRSEL INNOCENT ZEITET,Plateau,SHENDAMMIKANG/QUAANPAN,(Federal Constituency),Peoples Democratic Party
HON. PETERSIDE DAKUKU ADOL,Rivers,Andoni / Opobo / Nkoro,(Federal Constituency),All Progressives Congress
HON. CHINDA KINGSLEY OGUNDU,Rivers,Obio-Akpor,(Federal Constituency),Peoples Democratic Party
HON. MPIGI BARINADA,Rivers,Eleme / Oyigbo / Tai,(Federal Constituency),All Progressives Congress
HON. NSIEGBE BLESSING IBIBA,Rivers,Port Harcourt Fed. Const.2,(Federal Constituency),Peoples Democratic Party
HON. NWUKE OGBONNA,Rivers,Etche / Omuma,(Federal Constituency),All Progressives Congress
HON. GEORGE DAWARI IBIETELA,Rivers,Akuku - Toru/Asari - Toru,(Federal Constituency),All Progressives Congress
HON. GOGO BRIGHT TAMUNO,Rivers,Okrika / Ogu / Bolo,(Federal Constituency),Peoples Democratic Party
HON. PRONEN MAURICE,Rivers,Khana / Gokana,(Federal Constituency),All Progressives Congress
HON. CHIKERE KENNETH ANAYO,Rivers,Port Harcourt One,(Federal Constituency),Peoples Democratic Party
HON. HONOURABLE  ASITA,Rivers,Ogba/Egbema/Ndoni/Ahoada West,(Federal Constituency),All Progressives Congress
HON. OKAGUA-APIAFI BETTY JOCELYNE,Rivers,Ahoada East/Abua/Odual,(Federal Constituency),Peoples Democratic Party
HON. UCHENDU ANDREW IGBONULE,Rivers,Ikwerre/Emohua,(Federal Constituency),All Progressives Congress
HON. DAVIES  SOKONTE HUTTIN,Rivers,Degema/Bonny,(Federal Constituency),All Progressives Congress
HON. WAMAKKO ABDULLAHI MUHAMMED,Sokoto,KWARE/WAMMAKO,(Federal Constituency),All Progressives Congress
HON. SA'ADU NABUNKARI MOHAMMED,Sokoto,BINJI/SILAME,(Federal Constituency),All Progressives Congress
HON. BALARABE ABDULLAHI SALAME,Sokoto,ILLELA/GWADABAWA,(Federal Constituency),All Progressives Congress
HON. SHEHU ALIYU  A.A.,Sokoto,Dange-Shuni/Bodinga/Tureta,(Federal Constituency),All Progressives Congress
HON. SHAGARI  AMINU SHEHU,Sokoto,Yabo/Shagari,(Federal Constituency),All Progressives Congress
HON. TAMBUWAL WAZIRI AMINU,Sokoto,Kebbe/Tambuwal Federal Constituency,(Federal Constituency),All Progressives Congress
HON. BASHIR ISA SALIHU,Sokoto,Tangaza/Gudu,(Federal Constituency),All Progressives Congress
HON. ACHIDA KABIRU MARAFA,Sokoto,Wurno / Rabah,(Federal Constituency),All Progressives Congress
HON. SARKIN-ADAR   MUSA,Sokoto,Goronyo/Gada,(Federal Constituency),All Progressives Congress
HON. GOBIR  SHUAIBU GWANDU,Sokoto,Isa/S.Birni,(Federal Constituency),All Progressives Congress
HON. BATURE UMAR MOHAMMED,Sokoto,Sokoto North/South,(Federal Constituency),Peoples Democratic Party
HON. AMINU MALLE IBRAHIM,Taraba,Jalingo / Yorro / Zing,(Federal Constituency),All Progressives Congress
HON. SAM-TSOKWA ALBERT  TAMINU,Taraba,Donga/Ussa/Takum/Special Area,(Federal Constituency),Peoples Democratic Party
HON. BAWA ISHAKA  MOHAMMED,Taraba,Ibi/Wukari,(Federal Constituency),Peoples Democratic Party
HON. MANWE JERIMON  SAMEUL,Taraba,Lau/K/Lamido/Ardo-Kola,(Federal Constituency),Peoples Democratic Party
HON. EL-SUDI IBRAHIM TUKUR,Taraba,Gashaka/Kurmi/Sardauna,(Federal Constituency),Peoples Democratic Party
HON. MANU HARUNA,Taraba,Bali/Gassol,(Federal Constituency),Peoples Democratic Party
HON. MACHINAMA  BABA BUKAR,Yobe,Machina/Nguru/Karasuwa/Yusufari,(Federal Constituency),All Progressives Congress
HON. LAWAN GONI  BUKAR,Yobe,Bursari/Geidam/Yunusari,(Federal Constituency),All Progressives Congress
HON. IBRAHIM KHADIJA  BUKAR,Yobe,Damatura/Gujba/Gulani/Tarmuwa,(Federal Constituency),All Progressives Congress
HON. YAKUBU ALI,Yobe,Nangere/Potiskum,(Federal Constituency),Peoples Democratic Party
HON. GADAKA ISMAILA AHMED,Yobe,Fika/Fune,(Federal Constituency),All Progressives Congress
HON. EL-BADAWY HASSAN KAKU,Yobe,Bade/Jakusko,(Federal Constituency),All Progressives Congress
HON. SHENU GUSAU IBRAHIM,Zamfara,GUSAU/TSAFE,(Federal Constituency),Peoples Democratic Party
HON. LAWAL MU'AZU B/TUDU,Zamfara,Gummi/Bukkuyum,(Federal Constituency),All Progressives Congress
HON. MUTAWALLE BELLO MARADUN,Zamfara,Bakura/Maradun,(Federal Constituency),Peoples Democratic Party
HON. HASSAN LAWALI ANKA,Zamfara,Anka/Talata Mafara,(Federal Constituency),All Progressives Congress
HON. SANI DANGALADIMA UMAR,Zamfara,KAURA - NAMODA/BIRNIN MAGAJI,(Federal Constituency),Peoples Democratic Party
HON. YUSUF BILIYAMINU SHINKAFI,Zamfara,ZurmiI/Shinkafi,(Federal Constituency),Peoples Democratic Party
HON. IBRAHIM SANI RUWAN DORUWA,Zamfara,Bungudu/Maru,(Federal Constituency),All Progressives Congress
